Regime,RMSE,MAE,R²
Normal,11.436042768713353,7.505092582165429,0.9238130087950372
Spike,36.90147546902634,23.03884836799547,0.8782050794232119
