Metric,Value
RMSE,15.613496611150829
R2,0.9038743497996533
