Metric,Value
RMSE,10.198038049482252
MAE,6.6743708024568065
R²,0.9870998344310776
