Metric,Value
RMSE,38.58639068244706
MAE,26.06549835205078
R²,0.41567420959472656
