Metric,Value
Train Loss,0.009441538357286498
Val Loss,0.445439688197629
Test Loss,0.49063167956460363
