Metric,Value
Train Loss,0.007015778530608245
Val Loss,0.20238242158666253
Test Loss,0.3797474174195949
