Metric,Value
RMSE,11.575297055321016
MAE,7.404740496529418
R²,0.9832847825356478
