Metric,Value
RMSE,0.013783066492532527
MAE,0.01068428906072604
R²,0.9999960353666723
