Metric,Value
RMSE,50.92175034504534
MAE,36.133445739746094
R²,0.23881715536117554
