Metric,Value
RMSE,49.13706018468901
MAE,34.05337905883789
R²,0.2912375330924988
