Metric,Value
RMSE,49.60422955599401
MAE,34.141212463378906
R²,0.2776963710784912
