Metric,Value
RMSE,54.64903584087824
MAE,40.6050419492717
R²,-0.17206511008524106
