Metric,Value
RMSE,1.529185417456957
MAE,0.7344129048422389
R²,0.9990822867007435
