Metric,Value
RMSE,1.89830232525763
MAE,1.280066910338265
R²,0.9985857783251219
