Metric,Value
RMSE,2.192516028921752
MAE,1.3710367754123858
R²,0.9981134327811886
