Metric,Value
RMSE,1.8676995406771335
MAE,0.9793578262139871
MAPE (%),1963408.4484965992
R²,0.9986310084936314
