Metric,Value
RMSE,117.61961765798777
MAE,102.4335270635218
R²,-4.429330212952245
