Metric,Value
RMSE,1.898757135451481
MAE,0.9687761700037436
R²,0.9985851005832498
