Metric,Value
RMSE,65.94701656852456
MAE,49.60024210434862
R²,-0.7067779971375798
