Regime,RMSE,MAE,R²
Normal,11.594344182337712,7.500248723982122,0.9214273085596029
Spike,42.05060686602327,28.354819283500944,0.8571959829029946
