Regime,RMSE,MAE,MAPE (%),R²
Normal,12.92531360398021,8.036879800134189,604.9665929168406,0.9023524320328612
Spike,39.02140142330177,24.73123508366389,10.46871900785098,0.8770293088166006
