Regime,RMSE,MAE,R²
Normal,10.431383331504819,6.963923622729083,0.932538032769128
Spike,37.17682343438185,23.05450340941985,0.8757119583993448
