Metric,Value
RMSE,0.012091766978858602
MAE,0.008367862729362283
R²,0.9999969486553179
